﻿{"cameraMode":{"drawMode":0,"name":"Shaded","section":"Shading Mode"},"sceneLighting":true,"audioPlay":false,"sceneViewState":{"showFog":true,"showMaterialUpdate":false,"showSkybox":true,"showFlares":true,"showImageEffects":true,"showParticleSystems":true},"in2DMode":false,"pivot":{"x":-0.13308590650558473,"y":-1.1943804025650025,"z":8.153419494628907},"rotation":{"x":-0.1467728614807129,"y":0.008008920587599278,"z":-0.001188537571579218,"w":-0.9891371130943298},"size":23.617002487182618,"orthographic":false}